insert into CITY (ID, VERSION, NAME, COUNTRY) values (1, 1, 'Vilnius', 'Lithuania');
insert into CITY (ID, VERSION, NAME, COUNTRY) values (2, 1, 'London', 'England');
insert into CITY (ID, VERSION, NAME, COUNTRY) values (3, 1, 'Paris', 'France');
insert into CITY (ID, VERSION, NAME, COUNTRY) values (4, 1, 'New York', 'USA');
insert into CITY (ID, VERSION, NAME, COUNTRY) values (5, 1, 'Tokyo', 'Japan');
insert into CITY (ID, VERSION, NAME, COUNTRY) values (6, 1, 'Hong Kong', 'China');
insert into CITY (ID, VERSION, NAME, COUNTRY) values (7, 1, 'Chicago', 'US');

insert into CUSTOMER (ID, VERSION, CUSTOMER_NAME, ADDRESS, EMAIL, PHONE, CITY_ID, AGE) values (1, 1, 'John Smith', 'Antakalnio 24', 'john@gmail.com', '8652112234', 1, 26);
insert into ACCOUNT (ID, VERSION, CUSTOMER_ID, ACCOUNT_NUMBER, ACCOUNT_ACTIVE, OPENING_DATE) values (101, 1, 1, 'LT1144667', true, '2017-01-21');
insert into OPERATION (ID, VERSION, ACCOUNT_ID, OPERATION_NAME, AMOUNT, OPERATION_TYPE, OPERATION_DATE, COMMENT) values (1001, 1, 101, 'Debt payment', 400, 'CREDIT', '2017-03-11 11:15:14', 'Operation was successfull');
insert into OPERATION (ID, VERSION, ACCOUNT_ID, OPERATION_NAME, AMOUNT, OPERATION_TYPE, OPERATION_DATE, COMMENT) values (1002, 1, 101, 'ATM debit', 325, 'DEBIT', '2017-10-21 14:27:13', 'Operation was successfull');
insert into OPERATION (ID, VERSION, ACCOUNT_ID, OPERATION_NAME, AMOUNT, OPERATION_TYPE, OPERATION_DATE, COMMENT) values (1003, 1, 101, 'Interest', 215.98, 'CREDIT', '2017-10-24 00:41:21', 'Operation was successfull');
insert into ACCOUNT (ID, VERSION, CUSTOMER_ID, ACCOUNT_NUMBER, ACCOUNT_ACTIVE, OPENING_DATE) values (102, 1, 1, 'LT1141113', false, '2017-08-12');
insert into OPERATION (ID, VERSION, ACCOUNT_ID, OPERATION_NAME, AMOUNT, OPERATION_TYPE, OPERATION_DATE, COMMENT) values (1101, 1, 102, 'Interest', 12.77, 'CREDIT', '2017-09-21 11:15:10', 'Operation was successfull');
insert into OPERATION (ID, VERSION, ACCOUNT_ID, OPERATION_NAME, AMOUNT, OPERATION_TYPE, OPERATION_DATE, COMMENT) values (1102, 1, 102, 'Bank fees', 2.21, 'DEBIT', '2017-10-01 12:21:10', 'Operation was successfull');

insert into CUSTOMER (ID, VERSION, CUSTOMER_NAME, ADDRESS, EMAIL, PHONE, CITY_ID, AGE) values (2, 1, 'Michael Williams', 'Victoria st 11', 'michael@yahoo.com', '112345456', 2, 41);
insert into ACCOUNT (ID, VERSION, CUSTOMER_ID, ACCOUNT_NUMBER, ACCOUNT_ACTIVE, OPENING_DATE) values (201, 1, 2, 'EN999886434', true, '2016-11-15');
insert into OPERATION (ID, VERSION, ACCOUNT_ID, OPERATION_NAME, AMOUNT, OPERATION_TYPE, OPERATION_DATE, COMMENT) values (2101, 1, 201, 'Salary transfer', 1466, 'CREDIT', '2017-11-20 12:11:10', 'Operation was successfull');
insert into OPERATION (ID, VERSION, ACCOUNT_ID, OPERATION_NAME, AMOUNT, OPERATION_TYPE, OPERATION_DATE, COMMENT) values (2102, 1, 201, 'Shop debit', 112, 'DEBIT', '2017-11-11 14:41:22', 'Operation was successfull');
insert into OPERATION (ID, VERSION, ACCOUNT_ID, OPERATION_NAME, AMOUNT, OPERATION_TYPE, OPERATION_DATE, COMMENT) values (2103, 1, 201, 'Shop debit', 1124, 'DEBIT', '2017-11-12 09:41:10', 'Operation was successfull');
insert into ACCOUNT (ID, VERSION, CUSTOMER_ID, ACCOUNT_NUMBER, ACCOUNT_ACTIVE, OPENING_DATE) values (202, 1, 2, 'EN454688888', false, '2017-01-02');
insert into OPERATION (ID, VERSION, ACCOUNT_ID, OPERATION_NAME, AMOUNT, OPERATION_TYPE, OPERATION_DATE, COMMENT) values (2201, 1, 202, 'Interest', 14.25, 'CREDIT', '2017-01-01 00:00:00', 'Operation was successfull');
insert into OPERATION (ID, VERSION, ACCOUNT_ID, OPERATION_NAME, AMOUNT, OPERATION_TYPE, OPERATION_DATE, COMMENT) values (2202, 1, 202, 'Bank fees', 5.12, 'DEBIT', '2017-11-11 11:11:11', 'Operation was successfull');
insert into ACCOUNT (ID, VERSION, CUSTOMER_ID, ACCOUNT_NUMBER, ACCOUNT_ACTIVE, OPENING_DATE) values (203, 1, 2, 'EN547898877', false, '2017-09-12');
insert into OPERATION (ID, VERSION, ACCOUNT_ID, OPERATION_NAME, AMOUNT, OPERATION_TYPE, OPERATION_DATE, COMMENT) values (2301, 1, 203, 'Savings credit', 2000, 'CREDIT', '2016-12-22 01:44:11', 'Operation was successfull');

insert into CUSTOMER (ID, VERSION, CUSTOMER_NAME, ADDRESS, EMAIL, PHONE, CITY_ID, AGE) values (3, 1, 'Jean Pierre', 'Napoleaon st 12', 'jean@yahoo.com', '3234344333', 3, 54);
insert into ACCOUNT (ID, VERSION, CUSTOMER_ID, ACCOUNT_NUMBER, ACCOUNT_ACTIVE, OPENING_DATE) values (301, 1, 3, 'FR923456734', true, '2016-11-15');
insert into OPERATION (ID, VERSION, ACCOUNT_ID, OPERATION_NAME, AMOUNT, OPERATION_TYPE, OPERATION_DATE, COMMENT) values (3101, 1, 301, 'Salary transfer', 1466, 'CREDIT', '2017-06-23 21:13:53', 'Operation was successfull');
insert into OPERATION (ID, VERSION, ACCOUNT_ID, OPERATION_NAME, AMOUNT, OPERATION_TYPE, OPERATION_DATE, COMMENT) values (3102, 1, 301, 'Shop debit', 112, 'DEBIT', '2017-01-11 13:11:22', 'Operation was successfull');
insert into OPERATION (ID, VERSION, ACCOUNT_ID, OPERATION_NAME, AMOUNT, OPERATION_TYPE, OPERATION_DATE, COMMENT) values (3103, 1, 301, 'Shop debit', 1124, 'DEBIT', '2017-03-14 17:10:10', 'Operation was successfull');
insert into ACCOUNT (ID, VERSION, CUSTOMER_ID, ACCOUNT_NUMBER, ACCOUNT_ACTIVE, OPENING_DATE) values (302, 1, 3, 'FR452328843', false, '2017-02-22');
insert into OPERATION (ID, VERSION, ACCOUNT_ID, OPERATION_NAME, AMOUNT, OPERATION_TYPE, OPERATION_DATE, COMMENT) values (3201, 1, 302, 'Interest', 14.25, 'CREDIT', '2017-04-30 14:41:22', 'Operation was successfull');
insert into OPERATION (ID, VERSION, ACCOUNT_ID, OPERATION_NAME, AMOUNT, OPERATION_TYPE, OPERATION_DATE, COMMENT) values (3202, 1, 302, 'Bank fees', 5.12, 'DEBIT', '2017-08-08 13:31:31', 'Operation was successfull');
insert into ACCOUNT (ID, VERSION, CUSTOMER_ID, ACCOUNT_NUMBER, ACCOUNT_ACTIVE, OPENING_DATE) values (303, 1, 3, 'FR434324322', false, '2017-03-11');
insert into OPERATION (ID, VERSION, ACCOUNT_ID, OPERATION_NAME, AMOUNT, OPERATION_TYPE, OPERATION_DATE, COMMENT) values (3301, 1, 303, 'Savings credit', 231, 'CREDIT', '2016-11-12 11:23:45', 'Operation was successfull');

insert into CUSTOMER (ID, VERSION, CUSTOMER_NAME, ADDRESS, EMAIL, PHONE, CITY_ID, AGE) values (4, 1, 'Peter Watkins', 'Washington avenue 687', 'peter@google.com', '334543534', 4, 76);
insert into ACCOUNT (ID, VERSION, CUSTOMER_ID, ACCOUNT_NUMBER, ACCOUNT_ACTIVE, OPENING_DATE) values (401, 1, 4, 'US64564654', true, '2016-11-15');
insert into OPERATION (ID, VERSION, ACCOUNT_ID, OPERATION_NAME, AMOUNT, OPERATION_TYPE, OPERATION_DATE, COMMENT) values (4101, 1, 401, 'Salary transfer', 43, 'CREDIT', '2017-05-11 14:21:01', 'Operation was successfull');
insert into OPERATION (ID, VERSION, ACCOUNT_ID, OPERATION_NAME, AMOUNT, OPERATION_TYPE, OPERATION_DATE, COMMENT) values (4102, 1, 401, 'Shop debit', 23432, 'DEBIT', '2017-06-04 23:41:22', 'Operation was successfull');
insert into OPERATION (ID, VERSION, ACCOUNT_ID, OPERATION_NAME, AMOUNT, OPERATION_TYPE, OPERATION_DATE, COMMENT) values (4103, 1, 401, 'Shop debit', 324, 'DEBIT', '2017-04-05 21:41:10', 'Operation was successfull');
insert into ACCOUNT (ID, VERSION, CUSTOMER_ID, ACCOUNT_NUMBER, ACCOUNT_ACTIVE, OPENING_DATE) values (402, 1, 4, 'US875675667', false, '2017-01-23');
insert into OPERATION (ID, VERSION, ACCOUNT_ID, OPERATION_NAME, AMOUNT, OPERATION_TYPE, OPERATION_DATE, COMMENT) values (4201, 1, 402, 'Interest', 22.25, 'CREDIT', '2017-02-12 21:22:12', 'Operation was successfull');
insert into OPERATION (ID, VERSION, ACCOUNT_ID, OPERATION_NAME, AMOUNT, OPERATION_TYPE, OPERATION_DATE, COMMENT) values (4202, 1, 402, 'Bank fees', 434.12, 'DEBIT', '2017-06-23 23:44:43', 'Operation was successfull');
insert into ACCOUNT (ID, VERSION, CUSTOMER_ID, ACCOUNT_NUMBER, ACCOUNT_ACTIVE, OPENING_DATE) values (403, 1, 4, 'US567677765', false, '2017-02-11');
insert into OPERATION (ID, VERSION, ACCOUNT_ID, OPERATION_NAME, AMOUNT, OPERATION_TYPE, OPERATION_DATE, COMMENT) values (4301, 1, 403, 'Savings credit', 13, 'CREDIT', '2016-12-22 01:44:11', 'Operation was successfull');

insert into CUSTOMER (ID, VERSION, CUSTOMER_NAME, ADDRESS, EMAIL, PHONE, CITY_ID, AGE) values (5, 1, 'Yuki Hashimoto', 'Japan st 111', 'yuki@yahoo.com', '112345456', 5, 18);
insert into ACCOUNT (ID, VERSION, CUSTOMER_ID, ACCOUNT_NUMBER, ACCOUNT_ACTIVE, OPENING_DATE) values (501, 1, 2, 'JP115889899', true, '2016-11-15');
insert into OPERATION (ID, VERSION, ACCOUNT_ID, OPERATION_NAME, AMOUNT, OPERATION_TYPE, OPERATION_DATE, COMMENT) values (5101, 1, 501, 'Salary transfer', 12, 'CREDIT', '2017-07-20 12:11:10', 'Operation was successfull');
insert into OPERATION (ID, VERSION, ACCOUNT_ID, OPERATION_NAME, AMOUNT, OPERATION_TYPE, OPERATION_DATE, COMMENT) values (5102, 1, 501, 'Shop debit', 43, 'DEBIT', '2017-06-11 12:21:26', 'Operation was successfull');
insert into OPERATION (ID, VERSION, ACCOUNT_ID, OPERATION_NAME, AMOUNT, OPERATION_TYPE, OPERATION_DATE, COMMENT) values (5103, 1, 501, 'Shop debit', 677, 'DEBIT', '2017-05-12 09:41:10', 'Operation was successfull');
insert into ACCOUNT (ID, VERSION, CUSTOMER_ID, ACCOUNT_NUMBER, ACCOUNT_ACTIVE, OPENING_DATE) values (502, 1, 5, 'JP565656555', false, '2017-02-22');
insert into OPERATION (ID, VERSION, ACCOUNT_ID, OPERATION_NAME, AMOUNT, OPERATION_TYPE, OPERATION_DATE, COMMENT) values (5201, 1, 502, 'Interest', 76.25, 'CREDIT', '2017-05-04 03:11:20', 'Operation was successfull');
insert into OPERATION (ID, VERSION, ACCOUNT_ID, OPERATION_NAME, AMOUNT, OPERATION_TYPE, OPERATION_DATE, COMMENT) values (5202, 1, 502, 'Bank fees', 898.12, 'DEBIT', '2017-04-29 04:41:21', 'Operation was successfull');
insert into ACCOUNT (ID, VERSION, CUSTOMER_ID, ACCOUNT_NUMBER, ACCOUNT_ACTIVE, OPENING_DATE) values (503, 1, 5, 'JP453455433', false, '2017-05-05');
insert into OPERATION (ID, VERSION, ACCOUNT_ID, OPERATION_NAME, AMOUNT, OPERATION_TYPE, OPERATION_DATE, COMMENT) values (5301, 1, 503, 'Savings credit', 1222, 'CREDIT', '2017-02-19 11:31:33', 'Operation was successfull');

insert into CUSTOMER (ID, VERSION, CUSTOMER_NAME, ADDRESS, EMAIL, PHONE, CITY_ID, AGE) values (6, 1, 'Tsu Lao', 'Queens st 7876A', 'tsu@yahoo.com', '112345456', 6, 20);
insert into ACCOUNT (ID, VERSION, CUSTOMER_ID, ACCOUNT_NUMBER, ACCOUNT_ACTIVE, OPENING_DATE) values (601, 1, 6, 'HK453456676', true, '2016-11-15');
insert into OPERATION (ID, VERSION, ACCOUNT_ID, OPERATION_NAME, AMOUNT, OPERATION_TYPE, OPERATION_DATE, COMMENT) values (6101, 1, 601, 'Salary transfer', 12, 'CREDIT', '2017-03-30 12:11:10', 'Operation was successfull');
insert into OPERATION (ID, VERSION, ACCOUNT_ID, OPERATION_NAME, AMOUNT, OPERATION_TYPE, OPERATION_DATE, COMMENT) values (6102, 1, 601, 'Shop debit', 32, 'DEBIT', '2017-03-11 13:41:23', 'Operation was successfull');
insert into OPERATION (ID, VERSION, ACCOUNT_ID, OPERATION_NAME, AMOUNT, OPERATION_TYPE, OPERATION_DATE, COMMENT) values (6103, 1, 601, 'Shop debit', 345, 'DEBIT', '2017-03-12 19:21:50', 'Operation was successfull');
insert into ACCOUNT (ID, VERSION, CUSTOMER_ID, ACCOUNT_NUMBER, ACCOUNT_ACTIVE, OPENING_DATE) values (602, 1, 6, 'HK435345345', false, '2017-03-12');
insert into OPERATION (ID, VERSION, ACCOUNT_ID, OPERATION_NAME, AMOUNT, OPERATION_TYPE, OPERATION_DATE, COMMENT) values (6201, 1, 602, 'Interest', 1212.25, 'CREDIT', '2017-03-01 10:02:20', 'Operation was successfull');
insert into OPERATION (ID, VERSION, ACCOUNT_ID, OPERATION_NAME, AMOUNT, OPERATION_TYPE, OPERATION_DATE, COMMENT) values (6202, 1, 602, 'Bank fees', 43.12, 'DEBIT', '2017-03-11 19:10:01', 'Operation was successfull');
insert into ACCOUNT (ID, VERSION, CUSTOMER_ID, ACCOUNT_NUMBER, ACCOUNT_ACTIVE, OPENING_DATE) values (603, 1, 6, 'HK453454335', false, '2017-03-29');
insert into OPERATION (ID, VERSION, ACCOUNT_ID, OPERATION_NAME, AMOUNT, OPERATION_TYPE, OPERATION_DATE, COMMENT) values (6301, 1, 603, 'Savings credit', 32234, 'CREDIT', '2016-09-12 11:24:46', 'Operation was successfull');

insert into CUSTOMER (ID, VERSION, CUSTOMER_NAME, ADDRESS, EMAIL, PHONE, CITY_ID, AGE) values (7, 1, 'Jacob Watkins', '3rd avenue corner 1', 'Jacob@yahoo.com', '112345456', 7, 21);
insert into ACCOUNT (ID, VERSION, CUSTOMER_ID, ACCOUNT_NUMBER, ACCOUNT_ACTIVE, OPENING_DATE) values (701, 1, 7, 'US423421554', true, '2016-11-15');
insert into OPERATION (ID, VERSION, ACCOUNT_ID, OPERATION_NAME, AMOUNT, OPERATION_TYPE, OPERATION_DATE, COMMENT) values (7101, 1, 701, 'Salary transfer', 23, 'CREDIT', '2017-09-01 11:21:40', 'Operation was successfull');
insert into OPERATION (ID, VERSION, ACCOUNT_ID, OPERATION_NAME, AMOUNT, OPERATION_TYPE, OPERATION_DATE, COMMENT) values (7102, 1, 701, 'Shop debit', 213, 'DEBIT', '2017-11-11 13:23:32', 'Operation was successfull');
insert into OPERATION (ID, VERSION, ACCOUNT_ID, OPERATION_NAME, AMOUNT, OPERATION_TYPE, OPERATION_DATE, COMMENT) values (7103, 1, 701, 'Shop debit', 13, 'DEBIT', '2017-11-12 21:01:10', 'Operation was successfull');
insert into ACCOUNT (ID, VERSION, CUSTOMER_ID, ACCOUNT_NUMBER, ACCOUNT_ACTIVE, OPENING_DATE) values (702, 1, 7, 'US087698765', false, '2017-01-02');
insert into OPERATION (ID, VERSION, ACCOUNT_ID, OPERATION_NAME, AMOUNT, OPERATION_TYPE, OPERATION_DATE, COMMENT) values (7201, 1, 702, 'Interest', 123.32, 'CREDIT', '2017-01-01 10:10:10', 'Operation was successfull');
insert into OPERATION (ID, VERSION, ACCOUNT_ID, OPERATION_NAME, AMOUNT, OPERATION_TYPE, OPERATION_DATE, COMMENT) values (7202, 1, 702, 'Bank fees', 323.12, 'DEBIT', '2017-01-13 13:13:13', 'Operation was successfull');
insert into ACCOUNT (ID, VERSION, CUSTOMER_ID, ACCOUNT_NUMBER, ACCOUNT_ACTIVE, OPENING_DATE) values (703, 1, 7, 'US547898877', false, '2017-09-02');
insert into OPERATION (ID, VERSION, ACCOUNT_ID, OPERATION_NAME, AMOUNT, OPERATION_TYPE, OPERATION_DATE, COMMENT) values (7301, 1, 703, 'Savings credit', 534, 'CREDIT', '2017-08-12 11:24:41', 'Operation was successfull');

ALTER SEQUENCE hibernate_sequence RESTART WITH 99999;